Workbook
Name 거래일자_R: '원본데이터'!$A$4:$A$103
Name 지역_R: '원본데이터'!$D$4:$D$103
Name 카테고리_R: '원본데이터'!$E$4:$E$103
Name 최종금액_R: '원본데이터'!$K$4:$K$103
Name 주문번호_R: '원본데이터'!$B$4:$B$103

Sheet 원본데이터
A1: 📋 거래내역 원본데이터 (2026년)
A3: 거래일자 | B3: 주문번호 | C3: 고객명 | D3: 지역 | E3: 상품카테고리 | F3: 상품명 | G3: 수량 | H3: 단가 | I3: 공급가액 | J3: 부가세 | K3: 최종금액 | L3: 담당자
A4: 46032 | B4: ORD-2026-0001 | C4: 안서윤 | D4: 서울 | E4: 가구 | F4: 의자 | G4: 2 | H4: 733000 | I4: =G4*H4 | J4: =I4*0.1 | K4: =I4+J4 | L4: 박팀장
A5: 46038 | B5: ORD-2026-0002 | C5: 윤지유 | D5: 부산 | E5: 전자제품 | F5: 스마트워치 | G5: 3 | H5: 1301000 | I5: =G5*H5 | J5: =I5*0.1 | K5: =I5+J5 | L5: 김대리
A6: 46044 | B6: ORD-2026-0003 | C6: 서예준 | D6: 세종 | E6: 패션 | F6: 가방 | G6: 2 | H6: 295000 | I6: =G6*H6 | J6: =I6*0.1 | K6: =I6+J6 | L6: 강매니저
A7: 46058 | B7: ORD-2026-0004 | C7: 문가은 | D7: 경기 | E7: 도서 | F7: 자기계발 | G7: 7 | H7: 18000 | I7: =G7*H7 | J7: =I7*0.1 | K7: =I7+J7 | L7: 정사원
A8: 46060 | B8: ORD-2026-0005 | C8: 김민준 | D8: 울산 | E8: 식품 | F8: 건강식품 | G8: 2 | H8: 29000 | I8: =G8*H8 | J8: =I8*0.1 | K8: =I8+J8 | L8: 정사원
A9: 46061 | B9: ORD-2026-0006 | C9: 정도윤 | D9: 세종 | E9: 전자제품 | F9: 태블릿 | G9: 10 | H9: 921000 | I9: =G9*H9 | J9: =I9*0.1 | K9: =I9+J9 | L9: 최주임
A10: 46067 | B10: ORD-2026-0007 | C10: 장은우 | D10: 울산 | E10: 가전 | F10: TV | G10: 10 | H10: 2760000 | I10: =G10*H10 | J10: =I10*0.1 | K10: =I10+J10 | L10: 강매니저
A11: 46070 | B11: ORD-2026-0008 | C11: 오시현 | D11: 경기 | E11: 가구 | F11: 소파 | G11: 10 | H11: 327000 | I11: =G11*H11 | J11: =I11*0.1 | K11: =I11+J11 | L11: 박팀장
A12: 46075 | B12: ORD-2026-0009 | C12: 안서윤 | D12: 경기 | E12: 식품 | F12: 와인 | G12: 1 | H12: 18000 | I12: =G12*H12 | J12: =I12*0.1 | K12: =I12+J12 | L12: 박팀장
A13: 46077 | B13: ORD-2026-0010 | C13: 안서윤 | D13: 인천 | E13: 가구 | F13: 소파 | G13: 10 | H13: 271000 | I13: =G13*H13 | J13: =I13*0.1 | K13: =I13+J13 | L13: 강매니저
A14: 46088 | B14: ORD-2026-0011 | C14: 이서연 | D14: 대구 | E14: 가구 | F14: 책상 | G14: 6 | H14: 270000 | I14: =G14*H14 | J14: =I14*0.1 | K14: =I14+J14 | L14: 강매니저
A15: 46098 | B15: ORD-2026-0012 | C15: 김민준 | D15: 서울 | E15: 가전 | F15: TV | G15: 10 | H15: 505000 | I15: =G15*H15 | J15: =I15*0.1 | K15: =I15+J15 | L15: 최주임
... A103: 46379 | B103: ORD-2026-0100 | C103: 임채원 | D103: 세종 | E103: 가전 | F103: 세탁기 | G103: 7 | H103: 2989000 | I103: =G103*H103 | J103: =I103*0.1 | K103: =I103+J103 | L103: 최주임

Sheet 월별요약
A1: 📊 월별 / 지역별 / 카테고리별 매출 요약
A3: 연월 | B3: 매출합계 | C3: 주문건수 | E3: 지역 | F3: 매출합계 | G3: 비중 | I3: 카테고리 | J3: 매출합계 | K3: 비중
A4: 2026-01 | B4: =SUMIFS(최종금액_R,거래일자_R,">="&DATE(2026,1,1),거래일자_R,"<="&EOMONTH(DATE(2026,1,1),0)) | C4: =SUMPRODUCT((MONTH(거래일자_R)=1)*(YEAR(거래일자_R)=2026)*1) | E4: 서울 | F4: =SUMIFS(최종금액_R, 지역_R, E4) | G4: =IFERROR(F4/SUM($F$4:$F$13),0) | I4: 전자제품 | J4: =SUMIFS(최종금액_R, 카테고리_R, I4) | K4: =IFERROR(J4/SUM($J$4:$J$9),0)
A5: 2026-02 | B5: =SUMIFS(최종금액_R,거래일자_R,">="&DATE(2026,2,1),거래일자_R,"<="&EOMONTH(DATE(2026,2,1),0)) | C5: =SUMPRODUCT((MONTH(거래일자_R)=2)*(YEAR(거래일자_R)=2026)*1) | E5: 경기 | F5: =SUMIFS(최종금액_R, 지역_R, E5) | G5: =IFERROR(F5/SUM($F$4:$F$13),0) | I5: 가전 | J5: =SUMIFS(최종금액_R, 카테고리_R, I5) | K5: =IFERROR(J5/SUM($J$4:$J$9),0)
A6: 2026-03 | B6: =SUMIFS(최종금액_R,거래일자_R,">="&DATE(2026,3,1),거래일자_R,"<="&EOMONTH(DATE(2026,3,1),0)) | C6: =SUMPRODUCT((MONTH(거래일자_R)=3)*(YEAR(거래일자_R)=2026)*1) | E6: 인천 | F6: =SUMIFS(최종금액_R, 지역_R, E6) | G6: =IFERROR(F6/SUM($F$4:$F$13),0) | I6: 가구 | J6: =SUMIFS(최종금액_R, 카테고리_R, I6) | K6: =IFERROR(J6/SUM($J$4:$J$9),0)
A7: 2026-04 | B7: =SUMIFS(최종금액_R,거래일자_R,">="&DATE(2026,4,1),거래일자_R,"<="&EOMONTH(DATE(2026,4,1),0)) | C7: =SUMPRODUCT((MONTH(거래일자_R)=4)*(YEAR(거래일자_R)=2026)*1) | E7: 부산 | F7: =SUMIFS(최종금액_R, 지역_R, E7) | G7: =IFERROR(F7/SUM($F$4:$F$13),0) | I7: 패션 | J7: =SUMIFS(최종금액_R, 카테고리_R, I7) | K7: =IFERROR(J7/SUM($J$4:$J$9),0)
A8: 2026-05 | B8: =SUMIFS(최종금액_R,거래일자_R,">="&DATE(2026,5,1),거래일자_R,"<="&EOMONTH(DATE(2026,5,1),0)) | C8: =SUMPRODUCT((MONTH(거래일자_R)=5)*(YEAR(거래일자_R)=2026)*1) | E8: 대구 | F8: =SUMIFS(최종금액_R, 지역_R, E8) | G8: =IFERROR(F8/SUM($F$4:$F$13),0) | I8: 식품 | J8: =SUMIFS(최종금액_R, 카테고리_R, I8) | K8: =IFERROR(J8/SUM($J$4:$J$9),0)
A9: 2026-06 | B9: =SUMIFS(최종금액_R,거래일자_R,">="&DATE(2026,6,1),거래일자_R,"<="&EOMONTH(DATE(2026,6,1),0)) | C9: =SUMPRODUCT((MONTH(거래일자_R)=6)*(YEAR(거래일자_R)=2026)*1) | E9: 대전 | F9: =SUMIFS(최종금액_R, 지역_R, E9) | G9: =IFERROR(F9/SUM($F$4:$F$13),0) | I9: 도서 | J9: =SUMIFS(최종금액_R, 카테고리_R, I9) | K9: =IFERROR(J9/SUM($J$4:$J$9),0)
A10: 2026-07 | B10: =SUMIFS(최종금액_R,거래일자_R,">="&DATE(2026,7,1),거래일자_R,"<="&EOMONTH(DATE(2026,7,1),0)) | C10: =SUMPRODUCT((MONTH(거래일자_R)=7)*(YEAR(거래일자_R)=2026)*1) | E10: 광주 | F10: =SUMIFS(최종금액_R, 지역_R, E10) | G10: =IFERROR(F10/SUM($F$4:$F$13),0)
A11: 2026-08 | B11: =SUMIFS(최종금액_R,거래일자_R,">="&DATE(2026,8,1),거래일자_R,"<="&EOMONTH(DATE(2026,8,1),0)) | C11: =SUMPRODUCT((MONTH(거래일자_R)=8)*(YEAR(거래일자_R)=2026)*1) | E11: 울산 | F11: =SUMIFS(최종금액_R, 지역_R, E11) | G11: =IFERROR(F11/SUM($F$4:$F$13),0)
A12: 2026-09 | B12: =SUMIFS(최종금액_R,거래일자_R,">="&DATE(2026,9,1),거래일자_R,"<="&EOMONTH(DATE(2026,9,1),0)) | C12: =SUMPRODUCT((MONTH(거래일자_R)=9)*(YEAR(거래일자_R)=2026)*1) | E12: 세종 | F12: =SUMIFS(최종금액_R, 지역_R, E12) | G12: =IFERROR(F12/SUM($F$4:$F$13),0)
A13: 2026-10 | B13: =SUMIFS(최종금액_R,거래일자_R,">="&DATE(2026,10,1),거래일자_R,"<="&EOMONTH(DATE(2026,10,1),0)) | C13: =SUMPRODUCT((MONTH(거래일자_R)=10)*(YEAR(거래일자_R)=2026)*1) | E13: 강원 | F13: =SUMIFS(최종금액_R, 지역_R, E13) | G13: =IFERROR(F13/SUM($F$4:$F$13),0)
A14: 2026-11 | B14: =SUMIFS(최종금액_R,거래일자_R,">="&DATE(2026,11,1),거래일자_R,"<="&EOMONTH(DATE(2026,11,1),0)) | C14: =SUMPRODUCT((MONTH(거래일자_R)=11)*(YEAR(거래일자_R)=2026)*1)
A15: 2026-12 | B15: =SUMIFS(최종금액_R,거래일자_R,">="&DATE(2026,12,1),거래일자_R,"<="&EOMONTH(DATE(2026,12,1),0)) | C15: =SUMPRODUCT((MONTH(거래일자_R)=12)*(YEAR(거래일자_R)=2026)*1)
A16: 합계 | B16: =SUM(B4:B15) | C16: =SUM(C4:C15)
A18: ℹ 이 요약표는 SUMIFS 기반 라이브 집계입니다. 원본데이터 변경 후 F9(재계산)만 누르면 즉시 갱신됩니다 — 피벗 새로고침 불필요.

Sheet 대시보드
B2: 🎯 매출 대시보드 — 2026
P4: 월 | Q4: 매출
B5: 💰 총매출 | E5: 📊 평균주문금액 | H5: 🏆 최고매출지역 | K5: 🧾 총주문수 | P5: 1월 | Q5: ='월별요약'!B4
B6: =SUM('원본데이터'!$K$4:$K$103) | E6: =IFERROR(SUM('원본데이터'!$K$4:$K$103)/COUNTA('원본데이터'!$B$4:$B$103),0) | H6: =INDEX('월별요약'!E$4:E$13,MATCH(MAX('월별요약'!F$4:F$13),'월별요약'!F$4:F$13,0)) | K6: =COUNTA('원본데이터'!$B$4:$B$103) | P6: 2월 | Q6: ='월별요약'!B5
P7: 3월 | Q7: ='월별요약'!B6
P8: 4월 | Q8: ='월별요약'!B7
P9: 5월 | Q9: ='월별요약'!B8
P10: 6월 | Q10: ='월별요약'!B9
P11: 7월 | Q11: ='월별요약'!B10
P12: 8월 | Q12: ='월별요약'!B11
P13: 9월 | Q13: ='월별요약'!B12
P14: 10월 | Q14: ='월별요약'!B13
P15: 11월 | Q15: ='월별요약'!B14
P16: 12월 | Q16: ='월별요약'!B15
P18: 지역(TOP5) | Q18: 매출
P19: =INDEX('월별요약'!$E$4:$E$13,MATCH(LARGE('월별요약'!$F$4:$F$13,1),'월별요약'!$F$4:$F$13,0)) | Q19: =LARGE('월별요약'!$F$4:$F$13,1)
P20: =INDEX('월별요약'!$E$4:$E$13,MATCH(LARGE('월별요약'!$F$4:$F$13,2),'월별요약'!$F$4:$F$13,0)) | Q20: =LARGE('월별요약'!$F$4:$F$13,2)
P21: =INDEX('월별요약'!$E$4:$E$13,MATCH(LARGE('월별요약'!$F$4:$F$13,3),'월별요약'!$F$4:$F$13,0)) | Q21: =LARGE('월별요약'!$F$4:$F$13,3)
P22: =INDEX('월별요약'!$E$4:$E$13,MATCH(LARGE('월별요약'!$F$4:$F$13,4),'월별요약'!$F$4:$F$13,0)) | Q22: =LARGE('월별요약'!$F$4:$F$13,4)
P23: =INDEX('월별요약'!$E$4:$E$13,MATCH(LARGE('월별요약'!$F$4:$F$13,5),'월별요약'!$F$4:$F$13,0)) | Q23: =LARGE('월별요약'!$F$4:$F$13,5)
